Issue Type,Summ ary,Description,Priority,Status,Assignee,Labels,Story Points,Epic Link,Sprint
Story,Finalize design token schema and naming,"Define and lock the design-tokens.json structure (colors, typography, spacing, radii, elevation) and naming conventions. Ensure compatibility with CSS variables and component usage.",High,In Progress,S1,"Phase0;Token;DesignTokens",8,"PHASE 0 - Token & Foundation","Phase 0"
Task,Wire tokens into CSS and provide base variables,"Bind design tokens to CSS custom properties and ensure global.css consumes tokens for theming.",High,In Progress,S1,"Phase0;Tokens;CSS",5,"PHASE 0 - Token & Foundation","Phase 0"
Story,Core Button component,"Implement Button.tsx with props: label, onClick, variant ('primary'|'secondary'), disabled; consume tokens; accessible label.",High,In Progress,S2,"Phase0;Component;Button",5,"PHASE 0 - Token & Foundation","Phase 0"
Story,Core Input component,"Implement Input.tsx with placeholder, value, onChange, type, and aria-label; consume tokens.",High,In Progress,S2,"Phase0;Component;Input",5,"PHASE 0 - Token & Foundation","Phase 0"
Story,Core Card component,"Implement Card.tsx with optional title and content area; accessible semantics.",High,In Progress,S2,"Phase0;Component;Card",5,"PHASE 0 - Token & Foundation","Phase 0"
Story,Core Nav component,"Implement Nav.tsx with a simple horizontal list of items; keyboard-friendly.",Medium,In Progress,S2,"Phase0;Component;Nav",3,"PHASE 0 - Token & Foundation","Phase 0"
Story,Onboarding flow integration,"Implement Onboarding flow using Button, Input, Card; collect a name and a simple action on Continue.",High,In Progress,S3,"Phase0;Component;Onboarding",5,"PHASE 0 - Token & Foundation","Phase 0"
Task,Storybook setup for revamp-ui,"Initialize Storybook for revamp-ui; create stories for Button, Input, Card, Nav, Onboarding; connect tokens.",High,In Progress,S2,"Phase0;Frontend;Storybook",5,"PHASE 0 - Token & Foundation","Phase 0"
Task,Handoff pipeline documentation,"Document design-to-code mapping, component library contracts, and visual diff checks.",High,To Do,S4,"Phase0;DS;Docs",3,"PHASE 0 - Token & Foundation","Phase 0"
Task,Phase 0 sprint kickoff plan,"Publish Phase 0 sprint plan with cadence, ceremonies, and win conditions.",High,To Do,S4;PM,"Phase0;Planning;Docs",2,"PHASE 0 - Token & Foundation","Phase 0"
Task,Design Systems Council governance doc,"Create governance cadence, artifacts, and migration plan for tokens/components.",Medium,To Do,S4;DS,"Phase0;Governance;Docs",3,"PHASE 0 - Token & Foundation","Phase 0"
Task,UX Research onboarding usability test plan,"Recruit participants and run 1 usability test on onboarding flow; capture feedback.",Medium,To Do,S5;UX Research,"Phase0;Research;Usability",3,"PHASE 0 - Token & Foundation","Phase 0"
Task,Accessibility baseline for new flows,"Define WCAG targets; ensure keyboard navigation and focus order for onboarding and core components.",High,To Do,S6;Accessibility,"Phase0;QA;Accessibility",3,"PHASE 0 - Token & Foundation","Phase 0"
Task,M metrics plan for Phase 0,"Define task time, task success rate, error rate, and adoption KPIs; define data collection method.",Medium,To Do,S6;UX/Analytics,"Phase0;Metrics;Planning",3,"PHASE 0 - Token & Foundation","Phase 0"
Task,Migration plan (Phase 0) for token-based system,"Draft a high-level migration path from old UI to token-based system; include risk and rollback notes.",Low,To Do,S1;S4;DS,"Phase0;Migration;Planning",2,"PHASE 0 - Token & Foundation","Phase 0"
Story,Phase 0 demo readiness,"Prepare a 1–2 screen demo combining onboarding flow with Token-driven UI kit for leadership demo.",High,To Do,S1;S2,"Phase0;Demo;Preview",5,"PHASE 0 - Token & Foundation","Phase 0"
